category,sub_category,sub_sub_category,filters,sub_filters
BAKERY,BREAD,Tin Loaf Collection, Brioche Tin,"Brioche Tin Large,Brioche Tin Medium"
BAKERY,BREAD,Loaf Collection, Ciabatta,"Ciabatta .400g,Ciabatta .800g,Ciabatta 1.2kg"
BAKERY,BREAD,Tin Loaf Collection, Multigrain Tin,
BAKERY,BREAD,Tin Loaf Collection, Spelt Tin – Wholemeal,
BAKERY,BREAD,Tin Loaf Collection, White Tin,
BAKERY,BREAD,Tin Loaf Collection, Wholemeal Tin,
BAKERY,BREAD,Loaf Collection, Country Sourdough,"Country Sourdough .400g,Country Sourdough 1.2kg"
BAKERY,BREAD,Loaf Collection, Ficelle,
BAKERY,BREAD,Loaf Collection, Fruit Bread,
BAKERY,BREAD,Loaf Collection, Multigrain Sourdough,"Multigrain Sourdough .400g,Multigrain Sourdough .800g,Multigrain Sourdough 1.8kg"
BAKERY,BREAD,Loaf Collection, Multigrain Sourdough Baguette,
BAKERY,BREAD,Loaf Collection, Olive Bread,
BAKERY,BREAD,Loaf Collection, Olive Ciabatta,
BAKERY,BREAD,Loaf Collection, Parisienne Baguette,
BAKERY,BREAD,Loaf Collection, Pumpernickel,
BAKERY,BREAD,Loaf Collection, Rosemary & Salt Focaccia,"Rosemary & Salt Focaccia .400g,Rosemary & Salt Focaccia .800g,Rosemary & Salt Focaccia 2kg"
BAKERY,BREAD,Loaf Collection, Rye Sourdough,
BAKERY,BREAD,Loaf Collection, Spelt Pave,
BAKERY,BREAD,Loaf Collection, Walnut Bread,
BAKERY,BREAD,Loaf Collection, White Sourdough,"White Sourdough .400g,White Sourdough 1.8kg,White Sourdough 1kg"
BAKERY,BREAD,Loaf Collection, White Sourdough Bloomer,
BAKERY,BREAD,Loaf Collection, Wholemeal Sourdough Bloomer,
BAKERY,BREAD,Individual Mini Loaf Collection, Ciabatta,"Mini Ciabatta 200g,Mini Ciabatta Square .80g"
BAKERY,BREAD,Individual Mini Loaf Collection, Demi Baguette,"Mini Demi Multigrain Baguette,Mini Demi Parisienne Baguette"
BAKERY,BREAD,Individual Mini Loaf Collection, English Muffins,
BAKERY,BREAD,Individual Mini Loaf Collection, Focaccia,"Mini Focaccia Roll .80g,Mini Focaccia Roll 100g"
BAKERY,BREAD,Individual Mini Loaf Collection, Petite Pain,"Country Mini 150g,Multigrain Mini 150g,Sourdough Mini 150g"
BAKERY,BREAD,Dinner Roll Collection, Country,
BAKERY,BREAD,Dinner Roll Collection, Mini Baguette,"Brown Rolls Mini,White Rolls Mini"
BAKERY,BREAD,Dinner Roll Collection, Multigrain,
BAKERY,BREAD,Dinner Roll Collection, Olive,
BAKERY,BREAD,Dinner Roll Collection, Sourdough,
BAKERY,BREAD,Dinner Roll Collection, Walnut,
BAKERY,BREAD,Burger Bun Collection, Demi Brioche Bun,"Demi Brioche Bun 40g,Demi Brioche Bun 60g,Demi Brioche Bun 80g"
BAKERY,BREAD,Burger Bun Collection, Demi Brioche Finger Roll,"Demi Brioche Finger Roll .60g,Demi Brioche Finger Roll .80g,Demi Brioche Finger Roll 140g"
BAKERY,BREAD,Burger Bun Collection, Sesame Demi Brioche Bun,"Sesame Demi Brioche Bun .80g,Sesame Demi Brioche Bun 100g"
BAKERY,BREAKFAST BAKERY,Viennoiserie Collection, Almond Croissant,"Almond Croissant Large,Almond Croissant Mini"
BAKERY,BREAKFAST BAKERY,Viennoiserie Collection, Apple Lattice,
BAKERY,BREAKFAST BAKERY,Viennoiserie Collection, Apricot Danish,
BAKERY,BREAKFAST BAKERY,Viennoiserie Collection, Chocolate Twist,
BAKERY,BREAKFAST BAKERY,Viennoiserie Collection, Cinnamon Danish,
BAKERY,BREAKFAST BAKERY,Viennoiserie Collection, Copenhagen Danish,"Copenhagen Danish Large,Copenhagen Danish Mini"
BAKERY,BREAKFAST BAKERY,Viennoiserie Collection, Croissant,"Croissant Large,Croissant Mini"
BAKERY,BREAKFAST BAKERY,Viennoiserie Collection, Cruffin,
BAKERY,BREAKFAST BAKERY,Muffin Collection, Apple Crumble,
BAKERY,BREAKFAST BAKERY,Viennoiserie Collection, Pain Au Chocolate,"Pain Au Chocolate Large,Pain Au Chocolate Mini"
BAKERY,BREAKFAST BAKERY,Viennoiserie Collection, Pain Aux Raisin,"Pain Aux Raisin Large,Pain Aux Raisin Mini"
BAKERY,BREAKFAST BAKERY,Viennoiserie Collection, Pear Danish,
BAKERY,BREAKFAST BAKERY,Viennoiserie Collection, Vanilla Danish,
BAKERY,BREAKFAST BAKERY,Muffin Collection, Banana & Bran,
BAKERY,BREAKFAST BAKERY,Muffin Collection, Blueberry,
BAKERY,BREAKFAST BAKERY,Muffin Collection, Carrot,
BAKERY,BREAKFAST BAKERY,Muffin Collection, Chocolate,
BAKERY,BREAKFAST BAKERY,Muffin Collection, Lemon & Poppy,
BAKERY,BREAKFAST BAKERY,Muffin Collection, Raspberry & Chocolate,
BAKERY,BREAKFAST BAKERY,Muffin Collection, Spinach & Cream Cheese,
BAKERY,CAKES,Loaf & Round Cakes, Banana Loaf,
BAKERY,CAKES,Loaf & Round Cakes, Beetroot & Chocolate Round,
BAKERY,CAKES,Loaf & Round Cakes, Carrot Loaf,
BAKERY,CAKES,Loaf & Round Cakes, Cinnamon Loaf,
BAKERY,CAKES,Loaf & Round Cakes, Courgette Lemon Round,
BAKERY,CAKES,Loaf & Round Cakes, Lemon & Poppy Loaf,
BAKERY,CAKES,Loaf & Round Cakes, Nemesis,
BAKERY,CAKES,Loaf & Round Cakes, Raspberry & Chocolate Loaf,
BAKERY,CAKES,Tart Collection, Apple Crumble Tart,
BAKERY,CAKES,Afternoon Tea, Anzac Cookie,
BAKERY,CAKES,Tart Collection, Apricot Tart,"Apricot & Pistachio Tart,Apricot & Pistachio Tart Mini"
BAKERY,CAKES,Tart Collection, Chocolate & Raspberry Tart,"Chocolate & Raspberry Tart,Chocolate & Raspberry Tart Mini"
BAKERY,CAKES,Tart Collection, Lemon Tart,"Lemon Tart Deep,Lemon Tart Deep Mini"
BAKERY,CAKES,Tart Collection, Pear Tart,"Pear Tart,Pear Tart Mini"
BAKERY,CAKES,Tart Collection, Pecan Tart,"Pecan Tart,Pecan Tart Mini"
BAKERY,CAKES,Afternoon Tea, Apricot Slice,
BAKERY,CAKES,Afternoon Tea, Brownie,
BAKERY,CAKES,Afternoon Tea, Chocolate Cookie,
BAKERY,CAKES,Afternoon Tea, Fruit Scones,
BAKERY,CAKES,Afternoon Tea, Mini Coffee Cheesecake,
BAKERY,CAKES,Afternoon Tea, Mini Strawberry Financier,
BAKERY,CAKES,Afternoon Tea, Plain Scones,
BAKERY,GLUTEN FREE BAKERY,Biscuits, Italian Biscuits,"Amaretti,Soft Hazelnut’s Amaretti,Gluten Free Biscuits"
BAKERY,PLANT BASED BAKERY,Bread, Dinner Roll Collection,"Country,Mini Baguette,Brown Dinner Rolls Mini,White Dinner Rolls Mini,Multigrain,Sourdough,Walnut"
BAKERY,PLANT BASED BAKERY,Bread, Individual Mini Loaf Collection,"Ciabatta,Demi Baguette,English Muffins,Focaccia,Petite Pain"
BAKERY,PLANT BASED BAKERY,Bread, Loaf Collection,"Ciabatta,Country Sourdough,Ficelle,Multigrain Sourdough,Multigrain Sourdough Baguette,Olive Ciabatta,Parisienne Baguette,Pumpernickel,Rosemary & Salt Focaccia,Rye Sourdough,Spelt Pave,Walnut Bread,White Sourdough,White Sourdough Bloomer,Wholemeal Sourdough Bloomer"
BAKERY,PLANT BASED BAKERY,Bread, Tin Loaf Collection,"Multigrain Tin,Spelt Tin – Wholemeal,White Tin,Wholemeal Tin"
BAKERY,PLANT BASED BAKERY,Breakfast Bakery, Plant Based Muffins,"Apple Crumble Muffin,Blueberry Muffin,Chocolate Muffin"
BAKERY,PLANT BASED BAKERY,Breakfast Bakery, Viennoiserie Collection,"Croissant,Pain Au Chocolate,Pain Aux Raisin"
BAKERY,PLANT BASED BAKERY,Burger Bun Collection, Burger Bun,
BAKERY,GLUTEN FREE BAKERY,Cakes, Hazelnut Baci,Gluten Free Basin di Langa’s
BAKERY,PLANT BASED BAKERY,Burger Bun Collection, Charcoal Bun,
BAKERY,PLANT BASED BAKERY,Burger Bun Collection, Finger Roll,
BAKERY,PLANT BASED BAKERY,Burger Bun Collection, Seeded Charcoal Bun,
BAKERY,GLUTEN FREE BAKERY,Cakes, Hazelnut Cake,Gluten Free Hazelnut Cake
BAKERY,PLANT BASED BAKERY,Dinner Roll Collection, Country,
BAKERY,PLANT BASED BAKERY,Dinner Roll Collection, Mini Baguette,"Brown Dinner Rolls Mini,White Dinner Rolls Mini"
BAKERY,PLANT BASED BAKERY,Dinner Roll Collection, Multigrain,
BAKERY,PLANT BASED BAKERY,Dinner Roll Collection, Sourdough,
BAKERY,PLANT BASED BAKERY,Dinner Roll Collection, Walnut,
FRESH,DAIRY & EGGS,British Cheeses, Cow's Milk Cheese,"Baron Bigod Baby,Bath Soft,Black Bomber,Celtic Promise,Cotswold Blue,Cotswold Brie,Golden Cenarth,Lancashire Bomb,Perl Las Blue,Sharpham"
BAKERY,HOME BAKING,Decorations, Berries,"Blackcurrant Dust,Blueberry Dust,Raspberry Crumble,Raspberry Dust"
FRESH,DAIRY & EGGS,British Cheeses, Goats Milk Cheese,"Bosworth Ash Log,Cherwell"
BAKERY,HOME BAKING,Decorations, Candied Decoration,"Candied Mint,Candied Rose,Candied Violets"
BAKERY,HOME BAKING,Decorations, Glitter,"Bronze Dust,Gold Dust,Silver Dust"
FRESH,DAIRY & EGGS,French Cheeses, Cow's Milk Cheese,"Ami Du Chambertin,Brie De Meaux 1/4,Coulommiers Fermier,Epoisses,Fougerus - Mini,Livarot Artisanale,Pont l'Eveque,St Marcellin"
FRESH,DAIRY & EGGS,French Cheeses, Goats Milk Cheese,"Banon,Coeur Cendre,Mothais Sur Feuille,Rond A La Truffe,St Maure De Touraine"
FRESH,DAIRY & EGGS,Italian Cheeses, Buffalo Milk Cheese,Burrata Di Bufala
FRESH,DAIRY & EGGS,Italian Cheeses, Cow's Milk Cheese,"Bianco Sottobosco Al Tartufo,Testun Al Barolo"
FRESH,DAIRY & EGGS,Cheese Accompaniments, Cheese Biscuits,Artisan Best of Millers
FRESH,DAIRY & EGGS,Cheese Accompaniments, Pressed Fruit Wheels,"Date and Almond Wheel,Fig and Almond Wheel"
FRESH,VEGETABLES,Fresh Vegetables, Artichokes,"Baby Bunched,English Globe,Jerusalem,White Jerusalem"
FRESH,VEGETABLES,Baby Vegetables, Artichokes,"Baby Globe Artichokes,Baby Spiny Artichokes"
FRESH,VEGETABLES,Fresh Vegetables, Asparagus,"Italian Green,Spanish Medium,Thai,White,Wye Valley Medium,Wye Valley Purple,Wye Valley White"
FRESH,VEGETABLES,Fresh Vegetables, Aubergine,"Italian Pale,Japanese Long,Pea Thai Aubergine,Regular,Striped Italian Graffiti,Thai White"
FRESH,VEGETABLES,Fresh Vegetables, Beans,"Borlotti,Coco,Extra Fine"
FRESH,VEGETABLES,Fresh Vegetables, Beetroot,"Candy,Golden,White"
FRESH,VEGETABLES,Fresh Vegetables, Broad beans,
FRESH,VEGETABLES,Baby Vegetables, Aubergines,"Baby Aubergines,Baby Japanese Long Aubergines"
FRESH,VEGETABLES,Baby Vegetables, Beetroot,"Baby Beetroot Bunched,Baby Candy Beetroot Bunched,Baby Golden Beetroot Bunched,Baby White Beetroot Bunched"
FRESH,VEGETABLES,Baby Vegetables, Carrots,"Baby Carrots Bunched,Baby Carrots Purple Bunched,Baby Carrots Rainbow Bunched,Baby Carrots White Bunched,Baby Carrots Yellow Bunched"
FRESH,VEGETABLES,Baby Vegetables, Cauliflower,
FRESH,VEGETABLES,Baby Vegetables, Chicory,
FRESH,VEGETABLES,Baby Vegetables, Corn,
FRESH,VEGETABLES,Baby Vegetables, Courgette,"Baby Courgette,Baby Italian Courgette Flowers"
FRESH,VEGETABLES,Baby Vegetables, Cucumber,
FRESH,VEGETABLES,Baby Vegetables, Fennel,
FRESH,VEGETABLES,Baby Vegetables, Leeks,
FRESH,VEGETABLES,Exotic Vegetables, Baby Pak Choi,
FRESH,VEGETABLES,Fresh Vegetables, Broccoli,"Purple Sprouting,Tender Stem,White Sprouting"
FRESH,VEGETABLES,Fresh Vegetables, Brussel Sprouts,
FRESH,VEGETABLES,Fresh Vegetables, Cabbage,"Hispi,Primo"
FRESH,VEGETABLES,Fresh Vegetables, Carrots,"Chantenay,Chantenay Purple,Chantenay White,Heritage Mixed"
FRESH,VEGETABLES,Fresh Vegetables, Cauliflower,"Green Romanesco,Purple,Purple Romanesco,Yellow"
FRESH,VEGETABLES,Fresh Vegetables, Celeriac,
FRESH,VEGETABLES,Fresh Vegetables, Courgette,"Round Green,Round Yellow,Trombetta,White,Yellow"
FRESH,VEGETABLES,Fresh Vegetables, Delica Squash,
FRESH,VEGETABLES,Fresh Vegetables, Fennel,
FRESH,VEGETABLES,Fresh Vegetables, Garlic,"Fresh Garlic,Peeled Black Garlic,Smoked Garlic,String of Garlic"
FRESH,VEGETABLES,Fresh Vegetables, Ginger,
FRESH,VEGETABLES,Fresh Vegetables, Italian Peas,
FRESH,VEGETABLES,Fresh Vegetables, Mange Tout,
FRESH,VEGETABLES,Fresh Vegetables, Okra,
FRESH,VEGETABLES,Fresh Vegetables, Onions,"Cipollini Onions,Silver Skin Button Onions,Tropea Onions,White Grelot Onions"
FRESH,VEGETABLES,Fresh Vegetables, Orange Peppers,
FRESH,VEGETABLES,Fresh Vegetables, Padron Peppers,
FRESH,VEGETABLES,Fresh Vegetables, Parsley Root,
FRESH,VEGETABLES,Fresh Vegetables, Potatoes,"Arran Victory,Bintje,Black Truffle,Charlotte,Cornish New,Highland Burgundy,Italian Spunta,Mids Maris Peer,Ratte French 1Kg Bag,Sweet Purple"
FRESH,VEGETABLES,Fresh Vegetables, Potimarron,
FRESH,VEGETABLES,Fresh Vegetables, Radishes,"Rainbow Radishes,Round Radishes"
FRESH,VEGETABLES,Fresh Vegetables, Salsify,
FRESH,VEGETABLES,Fresh Vegetables, Samphire,
FRESH,VEGETABLES,Fresh Vegetables, Sugar Snap Peas,
FRESH,VEGETABLES,Baby Vegetables, Mooli,
FRESH,VEGETABLES,Baby Vegetables, Parsnips,
FRESH,VEGETABLES,Baby Vegetables, Pattypan Squash,"Baby Green Pattypan Squash,Baby Yellow Pattypan Squash"
FRESH,VEGETABLES,Baby Vegetables, Peppers,"Baby Green Peppers,Baby Red Peppers,Baby Yellow Peppers"
FRESH,VEGETABLES,Baby Vegetables, Pumpkin,
FRESH,VEGETABLES,Baby Vegetables, Radish,
FRESH,VEGETABLES,Baby Vegetables, Turnip,"Baby Turnip Purple,Baby Turnip White"
FRESH,VEGETABLES,Exotic Vegetables, Cassava,
FRESH,VEGETABLES,Exotic Vegetables, Chervil Root,
FRESH,VEGETABLES,Exotic Vegetables, Chilli,"Naga,Scotch Bonnet"
FRESH,VEGETABLES,Exotic Vegetables, Choi Sum,
FRESH,VEGETABLES,Exotic Vegetables, Chow Chow,
FRESH,VEGETABLES,Exotic Vegetables, Crosnes,
FRESH,VEGETABLES,Exotic Vegetables, Galangal,
FRESH,VEGETABLES,Exotic Vegetables, Kabocha Squash,
FRESH,VEGETABLES,Exotic Vegetables, Kai Lan,
FRESH,VEGETABLES,Exotic Vegetables, Kohlrabi,"Green Kohlrabi,Red Kohlrabi"
FRESH,VEGETABLES,Exotic Vegetables, Krachai Ginger,
FRESH,VEGETABLES,Exotic Vegetables, Lotus Root,
FRESH,VEGETABLES,Exotic Vegetables, Monks Beard,
FRESH,VEGETABLES,Exotic Vegetables, Mooli Black Radish,
FRESH,VEGETABLES,Exotic Vegetables, Sugar Cane,
FRESH,VEGETABLES,Exotic Vegetables, Thai Red Shallots,
FRESH,VEGETABLES,Exotic Vegetables, Turnips Tokyo,
FRESH,VEGETABLES,Exotic Vegetables, Water Chestnuts,
FRESH,VEGETABLES,Herbs, Basil,"Basil Bunched,Holy Basil,Thai Basil"
FRESH,VEGETABLES,Leafy Greens & Salads, Alfalfa Sprouts,
FRESH,VEGETABLES,Herbs, Bay Leaves,
FRESH,VEGETABLES,Herbs, Chervil,
FRESH,VEGETABLES,Herbs, Chives,
FRESH,VEGETABLES,Herbs, Coriander,"Coriander Bunched,Coriander With Roots"
FRESH,VEGETABLES,Herbs, Dill,
FRESH,VEGETABLES,Herbs, Dried Lavender,
FRESH,VEGETABLES,Herbs, Garlic Chives,
FRESH,VEGETABLES,Herbs, Horseradish,
FRESH,VEGETABLES,Herbs, Kow Choi,
FRESH,VEGETABLES,Herbs, Lemon Herbs,"Lemon Balm Bunched,Lemon Thyme Bunched,Lemon Verbena,Lemongrass"
FRESH,VEGETABLES,Herbs, Lovage,
FRESH,VEGETABLES,Herbs, Marjoram,
FRESH,VEGETABLES,Herbs, Mint,"Mint Bunched,Peppermint,Spanish Mint"
FRESH,VEGETABLES,Herbs, Oregano,
FRESH,VEGETABLES,Herbs, Parsley Flat Leaf,
FRESH,VEGETABLES,Herbs, Rosemary,"Rosemary Bunched,Rosemary Woody"
FRESH,VEGETABLES,Herbs, Sage,
FRESH,VEGETABLES,Herbs, Savory,
FRESH,VEGETABLES,Herbs, Sorrel,
FRESH,VEGETABLES,Herbs, Tamarind Pods,
FRESH,VEGETABLES,Herbs, Tarragon,
FRESH,VEGETABLES,Herbs, Thyme,
FRESH,VEGETABLES,Herbs, Turmeric,
FRESH,VEGETABLES,Leafy Greens & Salads, Biondi Lettuce,
FRESH,VEGETABLES,Leafy Greens & Salads, Bulls Blood Lettuce,
FRESH,VEGETABLES,Leafy Greens & Salads, Castelfranco Lettuce,
FRESH,VEGETABLES,Leafy Greens & Salads, Cavolo Nero,
FRESH,VEGETABLES,Leafy Greens & Salads, Chicory,"Red Chicory,White Chicory"
FRESH,VEGETABLES,Leafy Greens & Salads, Chinese Leaf,
FRESH,VEGETABLES,Leafy Greens & Salads, Cime Di Rape,
FRESH,VEGETABLES,Leafy Greens & Salads, Escarole Lettuce,
FRESH,VEGETABLES,Leafy Greens & Salads, Frisee Lettuce,
FRESH,VEGETABLES,Leafy Greens & Salads, Kale Rainbow,
FRESH,VEGETABLES,Leafy Greens & Salads, Kalettes,
FRESH,VEGETABLES,Leafy Greens & Salads, Mesclun,"Italian Premium Mesclun,Loose French Mesclun"
FRESH,VEGETABLES,Leafy Greens & Salads, Mizuna,"French Loose Mizuna,Natural Mizuna"
FRESH,VEGETABLES,Leafy Greens & Salads, Pissenlit Leaves,
FRESH,VEGETABLES,Leafy Greens & Salads, Puntarella,
FRESH,VEGETABLES,Leafy Greens & Salads, Purslane,
FRESH,VEGETABLES,Leafy Greens & Salads, Radicchio,"Pink Radicchio,Red Radicchio,Trevise,Trevise-Wild"
FRESH,VEGETABLES,Leafy Greens & Salads, Rosso Lettuce,
FRESH,VEGETABLES,Leafy Greens & Salads, Salads,"Borage Salad with Flowers,Italian Babyleaf Superfood Salad,Italian Bitter Leaf Box"
FRESH,VEGETABLES,Leafy Greens & Salads, Spinach Beet,
FRESH,VEGETABLES,Leafy Greens & Salads, Swiss Chard,"Italian Swiss Chard,Rainbow Swiss Chard,Red French Chard"
FRESH,VEGETABLES,Leafy Greens & Salads, Tatsoi,
FRESH,VEGETABLES,Leafy Greens & Salads, Wild Rocket,
FRESH,VEGETABLES,Mushrooms, Ceps,
FRESH,VEGETABLES,Mushrooms, Chanterelles,"Grey Leg Chanterelles,Scottish Chanterelles,Yellow Leg Chanterelles"
FRESH,VEGETABLES,Mushrooms, Enoki,"Golden Enoki,Natural Enoki"
FRESH,VEGETABLES,Mushrooms, Girolle,"Natural Girolle,Natural Graded Girolle,Scottish Girolle,Scottish Graded Girolle"
FRESH,VEGETABLES,Mushrooms, Hon Shimeji,"Hon Shimeji Brown,Hon Shimeji White"
FRESH,VEGETABLES,Mushrooms, Matsutake,
FRESH,VEGETABLES,Mushrooms, Mix Wild Mushrooms,
FRESH,VEGETABLES,Mushrooms, Morels,
FRESH,VEGETABLES,Mushrooms, Nameko,
FRESH,VEGETABLES,Mushrooms, Oyster,"King Oyster,Pink Oyster,Yellow Oyster"
FRESH,VEGETABLES,Mushrooms, Pied,"Pied Bleu,Pied De Mouton"
FRESH,VEGETABLES,Mushrooms, Shiitake,
FRESH,VEGETABLES,Mushrooms, Trompette,
FRESH,VEGETABLES,Mushrooms, Truffles,"Autumn Truffles,Summer Truffles,Winter Truffles"
FRESH,VEGETABLES,Forage & Flowers, Alexanders Buds,
FRESH,VEGETABLES,Tomatoes, Bulls Heart,
FRESH,VEGETABLES,Forage & Flowers, Douglas Fir Needles,
FRESH,VEGETABLES,Forage & Flowers, Fresh Juniper Berries,
FRESH,VEGETABLES,Forage & Flowers, Nettles,
FRESH,VEGETABLES,Forage & Flowers, Scurvy Grass/Spoonwort,
FRESH,VEGETABLES,Forage & Flowers, Sea Beet,
FRESH,VEGETABLES,Forage & Flowers, Sea Purslane,
FRESH,VEGETABLES,Forage & Flowers, Sloeberries,
FRESH,VEGETABLES,Forage & Flowers, Wild Asparagus,
FRESH,VEGETABLES,Forage & Flowers, Wild Elder Flower,
FRESH,VEGETABLES,Tomatoes, Cherry,"Cherry Heritage Mix,Cherry Vine,Cherry Vine Mixed,Cherry Yellow Vine"
FRESH,VEGETABLES,Tomatoes, Datterini,"Datterini Red Plum Tomatoes,Datterini Yellow Tomatoes"
FRESH,VEGETABLES,Tomatoes, French Vine,
FRESH,VEGETABLES,Tomatoes, Green Zebra,
FRESH,VEGETABLES,Tomatoes, Heritage,"Heritage Mix,Pink Rose Heritage"
FRESH,VEGETABLES,Tomatoes, Marinda,
FRESH,VEGETABLES,Tomatoes, Orange,
FRESH,VEGETABLES,Tomatoes, San Marzano,"Baby San Marzano,Large San Marzano"
FRESH,VEGETABLES,Tomatoes, Tigerella Black,
FRESH,VEGETABLES,Tomatoes, Tomatillo,
FRESH,VEGETABLES,Tomatoes, Tomberry,
FRESH,FRUIT,Dried Fruits, Dates,"Bahrain Dates,Medjool Dates"
FRESH,VEGETABLES,Forage & Flowers, Wild Garlic,
FRESH,VEGETABLES,Forage & Flowers, Wild Leek,
FRESH,VEGETABLES,Forage & Flowers, Wild Sea,
FRESH,FRUIT,Exotic Fruits, Baby Bananas,
FRESH,FRUIT,Exotic Fruits, Calamansi,
FRESH,FRUIT,Exotic Fruits, Custard Apple,
FRESH,FRUIT,Exotic Fruits, Dragon Fruits,
FRESH,FRUIT,Exotic Fruits, Feijoa,
FRESH,FRUIT,Exotic Fruits, Finger Limes,
FRESH,FRUIT,Exotic Fruits, Kiwi,"Kiwi Baby,Kiwi Golden"
FRESH,FRUIT,Exotic Fruits, Kumquats,
FRESH,FRUIT,Exotic Fruits, Limequat,
FRESH,FRUIT,Exotic Fruits, Limes Kaffir,
FRESH,FRUIT,Exotic Fruits, Loquats,
FRESH,FRUIT,Exotic Fruits, Lychee,
FRESH,FRUIT,Exotic Fruits, Mangosteen,
FRESH,FRUIT,Exotic Fruits, Pawpaw Green,
FRESH,FRUIT,Exotic Fruits, Physalis,
FRESH,FRUIT,Exotic Fruits, Prickly Pear,
FRESH,FRUIT,Exotic Fruits, Rambutan,
FRESH,FRUIT,Exotic Fruits, Sharon Fruit,
FRESH,FRUIT,Exotic Fruits, Snake Fruit,
FRESH,FRUIT,Exotic Fruits, Star fruit,
FRESH,FRUIT,Exotic Fruits, Tamarillo,
FRESH,FRUIT,Exotic Fruits, Thai Green Mango,
FRESH,FRUIT,Exotic Fruits, Yellow Pitahaya,
FRESH,FRUIT,Exotic Fruits, Yuzu,
FRESH,FRUIT,Fresh Fruit, Almond Green,
FRESH,FRUIT,Fresh Fruit, Apples,"Bramley Apple,Cox,Fuji Apple,Pink Lady"
FRESH,FRUIT,Fresh Fruit, Apricots,
FRESH,FRUIT,Fresh Fruit, Avocado,"Ripe Avocado,Stoneless Avocado"
FRESH,FRUIT,Fresh Fruit, Cherries,
FRESH,FRUIT,Fresh Fruit, Citrus,"Bergamot,Blood Oranges,Cedro,Clementines Leafy,Minneolas,Nadorcot,Pink Pomelo,Seville Oranges"
FRESH,FRUIT,Fresh Fruit, Coconut,
FRESH,FRUIT,Fresh Fruit, Figs,
FRESH,FRUIT,Fresh Fruit, Gooseberry,"Green Gooseberry,Red Gooseberry"
FRESH,FRUIT,Fresh Fruit, Grapes,
FRESH,FRUIT,Prepared Fruit, Exotic Fruit Salad,
FRESH,FRUIT,Fresh Fruit, Lemons,
FRESH,FRUIT,Fresh Fruit, Limes,
FRESH,FRUIT,Fresh Fruit, Mango,
FRESH,FRUIT,Fresh Fruit, Melon,
FRESH,FRUIT,Fresh Fruit, Nuts,"Chestnut in Husk,Chestnuts,Cobnuts,Pistachios Fresh Pink,Walnuts"
FRESH,FRUIT,Fresh Fruit, Papaya,
FRESH,FRUIT,Fresh Fruit, Passion Fruit,
FRESH,FRUIT,Fresh Fruit, Pawpaw,
FRESH,FRUIT,Fresh Fruit, Pears,"Forelle Pears,Nashi/Ya Pears,Red Blush Pears,Red Williams Pears"
FRESH,FRUIT,Fresh Fruit, Pineapples,
FRESH,FRUIT,Fresh Fruit, Plums,"Damsons,Greengages,Mirabelles"
FRESH,FRUIT,Fresh Fruit, Pomegranate,
FRESH,FRUIT,Fresh Fruit, Quince,
FRESH,FRUIT,Fresh Fruit, Rhubarb,
FRESH,FRUIT,Prepared Fruit, Grapefruit Mixed Segments,
FRESH,FRUIT,Prepared Fruit, Grapefruit Pink Segments,
FRESH,FRUIT,Prepared Fruit, Grapefruit White Segments,
FRESH,FRUIT,Prepared Fruit, Kiwi Diced,
FRESH,FRUIT,Prepared Fruit, Kiwi Peeled,
FRESH,FRUIT,Prepared Fruit, Kiwi Sliced,
FRESH,FRUIT,Prepared Fruit, Mango Chunks,
FRESH,FRUIT,Prepared Fruit, Mango Sliced,
FRESH,FRUIT,Prepared Fruit, Melon Cantaloupe Balls,
FRESH,FRUIT,Prepared Fruit, Melon Honeydew Balls,
FRESH,FRUIT,Prepared Fruit, Melon Mixed Balls,
FRESH,FRUIT,Prepared Fruit, Melon Water Balls,
FRESH,FRUIT,Prepared Fruit, Orange Segments,
FRESH,FRUIT,Prepared Fruit, Pear Diced,
FRESH,FRUIT,Prepared Fruit, Pear Peeled,
FRESH,FRUIT,Prepared Fruit, Pear Sliced,
FRESH,FRUIT,Prepared Fruit, Pineapple Batons,
FRESH,FRUIT,Prepared Fruit, Pineapple Chunks,
FRESH,FRUIT,Prepared Fruit, Pineapple Sliced,
FRESH,FRUIT,Prepared Fruit, Pomegranate Seeds,
FRESH,MEAT,Pork, Bacon,"Green Back Bacon Rindless,Green Back Bacon Selfar"
FRESH,MEAT,Lamb, Barnsley Chop,
FRESH,MEAT,Beef, Bavette Steaks,
FRESH,MEAT,Pork, Belly of Pork,"Belly of Pork Large,Belly of Pork Small"
FRESH,MEAT,Pork, Gammon,"Green Gammon Large,Green Gammon Small"
FRESH,MEAT,Pork, Middle Loin of Pork,"Middle Loin of Pork Large,Middle Loin of Pork Medium,Middle Loin of Pork Small"
FRESH,MEAT,Pork, Minced Pork,
FRESH,MEAT,Pork, Pork Chops,
FRESH,MEAT,Pork, Pork Tenderloins,
FRESH,MEAT,Pork, Spare Ribs,
FRESH,MEAT,Pork, Suckling Pig,
FRESH,MEAT,Lamb, Diced Lamb,
FRESH,MEAT,Lamb, Giggot Chops,
FRESH,MEAT,Lamb, Lamb Breast,
FRESH,MEAT,Lamb, Lamb Burger,
FRESH,MEAT,Lamb, Lamb Rump,
FRESH,MEAT,Lamb, Lamb Shanks,
FRESH,MEAT,Lamb, Lamb Shoulder,
FRESH,MEAT,Lamb, Leg of Lamb,"Leg of Lamb Large,Leg of Lamb Small"
FRESH,MEAT,Lamb, Minced Lamb,
FRESH,MEAT,Lamb, Neck Fillet,
FRESH,MEAT,Lamb, Rack of Lamb,
FRESH,MEAT,Lamb, Saddle Cut,
FRESH,MEAT,Beef, Chateaubriand,"Tied Chateaubriand 14-16oz,Tied Chateaubriand 16-18oz,Tied Chateaubriand 18-22oz"
FRESH,MEAT,Beef, Chuck Steak,
FRESH,MEAT,Beef, Fillet Steak 6oz,
FRESH,MEAT,Beef, Flat Iron Steaks,"Flat Iron Steaks 6-7oz,Flat Iron Steaks 7-8oz,Flat Iron Steaks 8oz,Flat Iron Steaks 9-10oz"
FRESH,MEAT,Beef, Fore Rib,"Fore Rib Extra Large,Fore Rib Large,Fore Rib Medium,Fore Rib Small"
FRESH,MEAT,Beef, Hamburgers,"Hamburgers 12,Hamburgers 4"
FRESH,MEAT,Beef, Minced Beef,
FRESH,MEAT,Beef, Onglet Steak,
FRESH,MEAT,Beef, Ox Tails,
FRESH,MEAT,Beef, Rib Eye,"Prime Rib Eye,Whole Rib Eye"
FRESH,MEAT,Beef, Rolled Topside,"Rolled Topside Large,Rolled Topside Medium,Rolled Topside Small"
FRESH,MEAT,Beef, Rump Steak,
FRESH,MEAT,Beef, Salted Beef Brisket,
FRESH,MEAT,Beef, Sirloin Steak,
FRESH,MEAT,Beef, Striploin,"Aged Scotch Striploin 1kg,Aged Scotch Striploin 2kg"
FRESH,MEAT,Beef, T-Bone Steaks,"T-Bone Steak 10-12oz,T-Bone Steak 12-14oz,T-Bone Steak 14-16oz,T-Bone Steak 16-18oz"
FRESH,MEAT,Beef, Tomahawk Steak,
FRESH,MEAT,Beef, Veal,"Escalopes,Loin Chops,Osso Bucco,Veal Loin,Veal Rump"
FRESH,MEAT,Poultry, Chicken,"Chicken Escalopes,Chicken Legs,Chicken Minced Thigh,Chicken Supremes,Chicken Thighs,Corn Fed Chicken Supremes,French Smoked Chicken,Whole Chicken,Whole Corn Fed Chicken,Corn Fed Chicken Large,Corn Fed Chicken Medium,Corn Fed Chicken Small"
FRESH,MEAT,Poultry, Duck,"Barbary Duck Breast,Barbary Duck Legs,Confit de Carnard,Whole Gressingham Duck"
FRESH,MEAT,Poultry, French Guinea Fowl,"Guinea Fowl Supreme,Guinea Fowl Whole"
FRESH,MEAT,Poultry, French Poulet Noir,
FRESH,MEAT,Poultry, Poussin,"Coquelet,Poussin"
FRESH,MEAT,Poultry, Turkey,"Bronze Hen Turkey,Hen Turkey"
FRESH,VEGETABLES,Prepared Vegetables, Agria Potatoes 20mm Chips,
FRESH,MEAT,Sausages, Beef & Guinness,
FRESH,VEGETABLES,Prepared Vegetables, Agria Potatoes 8mm French Fries,
FRESH,VEGETABLES,Prepared Vegetables, Agria Potatoes Peeled,
FRESH,VEGETABLES,Prepared Vegetables, Aubergine Batons,
FRESH,VEGETABLES,Prepared Vegetables, Aubergine Diced,
FRESH,VEGETABLES,Prepared Vegetables, Aubergine Sliced,
FRESH,VEGETABLES,Prepared Vegetables, Broad Beans Peeled,
FRESH,VEGETABLES,Prepared Vegetables, Broccoli Florets,
FRESH,VEGETABLES,Prepared Vegetables, Butternut Squash Diced,
FRESH,VEGETABLES,Prepared Vegetables, Cabbage Mixed Shredded,
FRESH,VEGETABLES,Prepared Vegetables, Cabbage Red Shredded,
FRESH,VEGETABLES,Prepared Vegetables, Cabbage Savoy Shredded,
FRESH,VEGETABLES,Prepared Vegetables, Cabbage White Shredded,
FRESH,VEGETABLES,Prepared Vegetables, Celeriac Batons,
FRESH,VEGETABLES,Prepared Vegetables, Celeriac Grated,
FRESH,VEGETABLES,Prepared Vegetables, Celeriac Peeled,
FRESH,VEGETABLES,Prepared Vegetables, Celeriac Sliced,
FRESH,VEGETABLES,Prepared Vegetables, Celery Diced,
FRESH,VEGETABLES,Prepared Vegetables, Celery Julienne,
FRESH,VEGETABLES,Prepared Vegetables, Celery Sliced,
FRESH,VEGETABLES,Prepared Vegetables, Courgette Batons,
FRESH,VEGETABLES,Prepared Vegetables, Courgette Diced,
FRESH,VEGETABLES,Prepared Vegetables, Courgette Sliced,
FRESH,VEGETABLES,Prepared Vegetables, Fennel Julienne,
FRESH,VEGETABLES,Prepared Vegetables, Fennel Sliced,
FRESH,VEGETABLES,Prepared Vegetables, French Beans Top/Tailed,
FRESH,VEGETABLES,Prepared Vegetables, Ginger Peeled,
FRESH,VEGETABLES,Prepared Vegetables, Heritage Carrot Batons,
FRESH,VEGETABLES,Prepared Vegetables, Heritage Carrot Sliced,
FRESH,VEGETABLES,Prepared Vegetables, Heritage Carrot Wedges,
FRESH,VEGETABLES,Prepared Vegetables, Jerusalem Artichokes Peeled,
FRESH,MEAT,Sausages, Beef Sausages,
FRESH,MEAT,Sausages, Black Pudding,"Black Pudding Rings,Black Pudding Sticks"
FRESH,MEAT,Sausages, Chicken & Apricot,
FRESH,MEAT,Sausages, Chorizo,"Chorizo Ring,Cured Chorizo"
FRESH,MEAT,Sausages, Cumberland,"Billfields Sausages 6’S,Cumberland Rings"
FRESH,MEAT,Sausages, Lamb & Mint,
FRESH,MEAT,Sausages, Merguez,
FRESH,MEAT,Sausages, Polish Krakowska,
FRESH,MEAT,Sausages, Pork & Apple,
FRESH,MEAT,Sausages, Pork & Leek,
FRESH,MEAT,Sausages, Toulouse,
FRESH,MEAT,Sausages, Vegetable,
FRESH,MEAT,Sausages, Venison & Red Wine,
FRESH,MEAT,Sausages, Venison & Redcurrant,
FRESH,MEAT,Sausages, White Pudding,
FRESH,MEAT,Sausages, Wild Boar & Apple,
FRESH,MEAT,Game, Duck,"Gressingham Duck Breasts,Gressingham Duck Legs"
FRESH,VEGETABLES,Prepared Vegetables, Jerusalem Artichokes Rumbled,
FRESH,VEGETABLES,Prepared Vegetables, Leeks Diced,
FRESH,VEGETABLES,Prepared Vegetables, Leeks Sliced,
FRESH,VEGETABLES,Prepared Vegetables, Mushrooms Button - Quartered,
FRESH,VEGETABLES,Prepared Vegetables, Mushrooms Button - Sliced,
FRESH,VEGETABLES,Prepared Vegetables, Mushrooms Chestnut - Sliced,
FRESH,VEGETABLES,Prepared Vegetables, Mushrooms Chestnut-Quartered,
FRESH,VEGETABLES,Prepared Vegetables, Mushrooms Flat - Quartered,
FRESH,VEGETABLES,Prepared Vegetables, Mushrooms Flat - Sliced,
FRESH,VEGETABLES,Prepared Vegetables, Mushrooms Mixed Chopped,
FRESH,VEGETABLES,Prepared Vegetables, Parsnip Batons,
FRESH,VEGETABLES,Prepared Vegetables, Parsnip Diced,
FRESH,VEGETABLES,Prepared Vegetables, Parsnip Sliced,
FRESH,VEGETABLES,Prepared Vegetables, Pumpkin Peeled,
FRESH,VEGETABLES,Prepared Vegetables, Spring onions Diced,
FRESH,VEGETABLES,Prepared Vegetables, Spring Onions Sliced,
FRESH,VEGETABLES,Prepared Vegetables, Swede Batons,
FRESH,VEGETABLES,Prepared Vegetables, Swede Diced,
FRESH,VEGETABLES,Prepared Vegetables, Swede Peeled,
FRESH,VEGETABLES,Prepared Vegetables, Sweet Potato Sliced,
FRESH,VEGETABLES,Prepared Vegetables, Turnips Diced,
FRESH,VEGETABLES,Prepared Vegetables, Turnips Peeled,
FRESH,VEGETABLES,Prepared Vegetables, Turnips Sliced,
FRESH,VEGETABLES,Prepared Vegetables, Vegetable Mixes,"Asianslaw Mix,Carrot & Swede Mix,Coleslaw Mix,Mediterranean Mix,Minestrone Mix,Ratatouille Mix,Root Veg Mix,Stew Mix"
FRESH,VEGETABLES,Prepared Vegetables, Vivaldi Diced Potato,
FRESH,VEGETABLES,Prepared Vegetables, Vivaldi Peeled Potato,
FRESH,VEGETABLES,Prepared Vegetables, Vivaldi Roast Potato,
FRESH,VEGETABLES,Prepared Vegetables, Vivaldi Saute Potato,
FRESH,MEAT,Game, French Farmed Rabbit,
FRESH,MEAT,Game, Grouse,
FRESH,MEAT,Game, Mallard,
FRESH,MEAT,Game, Pheasant,
FRESH,MEAT,Game, Quail,"Boneless Quail,Whole Quail"
FRESH,MEAT,Game, Red Leg Partridge,
FRESH,MEAT,Game, Squab Pigeon,
FRESH,MEAT,Game, Venison,"Saddle Eye Fillet,Venison Diced,Venison Haunch,Venison Haunch Rolled,Venison Rack,Venison Saddle"
FRESH,MEAT,Game, Wood Pigeon,
FRESH,MEAT,Offal, Calf's Liver,
FRESH,MEAT,Offal, Chicken Livers,
FRESH,MEAT,Offal, Duck Foie Gras,
FRESH,MEAT,Offal, Duck Livers,
FRESH,MEAT,Offal, Marrow Bones,"Marrow Bone Cut,Marrow Bone Rings"
FRESH,FISH,Caviar, Attilus Caviar Tasting Selection,
FRESH,FISH,Caviar, Beluga Caviar,
FRESH,FISH,Caviar, Deluxe Tasting Set,
FRESH,FISH,Caviar, Royal Oscietra Caviar,
FRESH,FISH,Caviar, Royal Siberian Caviar,
FRESH,FISH,Caviar, Royal Siberian Caviar Glass Jar,
FRESH,FISH,Caviar, Tobiko Flying Fish Caviar,
FRESH,MEAT,Meat Pies, Pigs in Blankets,
FRESH,FISH,Fresh Fish, Black Cod,
FRESH,MEAT,Meat Pies, Toppings Pies,"Apricot & Poultry Gala,Apricot And Poultry Pork Pies,Chicken & Ham Pork Pies,Game And Poultry Pork Pies,Huntsman Pork Pies,Huntsman Pork Pies 1.1KG,Huntsman Pork Pies 2.2KG,Pork And Egg Gala,Premium Hot Eating Pies,Chicken, Wiltshire Ham & Mushroom Pie,Classic Pies For All The Family,Premium Steak Pie,Steak & Stilton Cheese Pie,Steak, Shallots and Mushroom Pie,Scrumpy Pork Pies,Scrumpy Pork Pies 1.1KG,Scrumpy Pork Pies 2.2KG,Traditional Pork Pies,Traditional Pork Pies 120G,Traditional Pork Pies 190G,Traditional Pork Pies 2.2KG,Traditional Pork Pies 4.1KG,Traditional Pork Pies 430G,Traditional Pork Pies 920G,Yorkshire Farmers Pork Pies,Yorkshire Farmers Pork Pies 1.1KG,Yorkshire Farmers Pork Pies 2.2KG"
FRESH,FISH,Fresh Fish, Brill,
FRESH,FISH,Fresh Fish, Chalk Stream Trout,
FRESH,FISH,Fresh Fish, Chilean Seabass,
FRESH,FISH,Fresh Fish, Cod,"Cod Fillet Portions,Cod Long Fillet"
FRESH,FISH,Fresh Fish, Dover Sole,"Large Whole Fish,Medium Whole Fish"
FRESH,FISH,Fresh Fish, Haddock,
FRESH,FISH,Fresh Fish, Halibut,"Hake Fillet Portions,Hake Large Fillets"
FRESH,FISH,Fresh Fish, Lemon Sole,
FRESH,FISH,Fresh Fish, Mackerel,"Mackerel Butterfly Fillet,Mackerel V-Cut Fillet,Mackerel Whole Fish"
FRESH,FISH,Fresh Fish, Monkfish,"Monk Fish Filleted,Monk Fish Tail Membrane Off,Monk Fish Whole Tail"
FRESH,FISH,Fresh Fish, Plaice,"Plaice Fillets,Plaice Whole"
FRESH,FISH,Fresh Fish, Salmon,"Salmon Fillet Portions,Salmon Fillet Whole Side,Salmon Steaks,Salmon Whole Fish"
FRESH,FISH,Fresh Fish, Sea Bream,"Sea Bream Fillets,Sea Bream Large,Sea Bream Medium"
FRESH,FISH,Fresh Fish, Sea Trout,
FRESH,FISH,Fresh Fish, Seabass,"Sea Bass Fillets,Sea Bass Large,Sea Bass Medium"
FRESH,FISH,Fresh Fish, Squid,"Baby Squid,Whole Squid"
FRESH,FISH,Fresh Fish, Stonebass Meagre,
FRESH,FISH,Fresh Fish, Swordfish,
FRESH,FISH,Fresh Fish, Tuna,
FRESH,FISH,Fresh Fish, Turbot,"Turbot Large,Turbot Medium"
FRESH,FISH,Japanese Fish, Abalone,
FRESH,FISH,Lobsters, Fresh Live Lobsters,Canadian Lobsters
FRESH,FISH,Japanese Fish, Black Cod,
FRESH,FISH,Japanese Fish, Ebi-Shrimps,"Ama Ebi,Argentinian Pink Prawns,Botan Ebi,Nobashi Ebi 4L,Sushi Ebi 3L"
FRESH,FISH,Japanese Fish, Hamachi Fillets,
FRESH,FISH,Japanese Fish, Kingfish,
FRESH,FISH,Japanese Fish, Scallops,"Large Scallops,Small Scallops"
FRESH,FISH,Japanese Fish, Soft Shell Crabs,"Hotel Crabs,Jumbo Crabs,Whale Crabs"
FRESH,FISH,Japanese Fish, Tuna,"Blue Fin Saku Belly,Yellow Fin Red Tuna"
FRESH,FISH,Japanese Fish, Unagi Fillets,
FRESH,FISH,Japanese Fish, Yari Ika Squid Slices,
FRESH,FISH,Lobsters, Frozen Lobster,Lobster Meat
FRESH,FISH,Shellfish, Abalone,
FRESH,FISH,Shellfish, Crabs,"Crab Claws,Crab Meat,Snow Crab,Soft Shell Crabs,Hotel Crabs,Jumbo Crabs,Whale Crabs"
FRESH,FISH,Shellfish, Frog Legs,
FRESH,FISH,Shellfish, Langoustines,"Langoustines Large,Langoustines Medium"
FRESH,FISH,Shellfish, Octopus,
FRESH,FISH,Shellfish, Prawns,"Argentian Pink Prawns,Black Tiger Prawns Extra Large,Black Tiger Prawns Large,Black Tiger Prawns Medium,Black Tiger Prawns Small,Cold Water Prawns,Cooked Crevettes,Large Carabinero Prawns,Peeled Block Rock Shrimps,Spencer Gulf Prawns"
FRESH,FISH,Shellfish, Scallops,"Large Scallops,Scallops in Shell,Small Scallops"
PANTRY,DELI,Antipasto, Artichokes,"Artichoke Hearts in Olive Oil,Artichokes in Olive Oil,Organic Artichoke Leaves"
FRESH,FISH,Smoked Fish, Hot Smoked Salmon,"Hot Salmon Flakes,Hot Salmon Portions"
PANTRY,DELI,Antipasto, Aubergine,
PANTRY,DELI,Antipasto, Beans,
PANTRY,DELI,Antipasto, Capers,
PANTRY,DELI,Antipasto, Courgettes,
PANTRY,DELI,Antipasto, Green Olives,"Olives with Garlic Wild Herbs,Olives with Harissa,Olives with Lemon Fennel"
PANTRY,DELI,Antipasto, Hot Peppers,
PANTRY,DELI,Antipasto, Mushrooms,
PANTRY,DELI,Antipasto, Preserved Lemons,
PANTRY,DELI,Antipasto, Pumpkin,"Pumpkin and Mushrooms,Sweet and Sour Pumpkin"
PANTRY,DELI,Antipasto, Radicchio,"Grilled Radicchio in Olive Oil,Radicchio in Olive Oil,Radicchio in Venetian Saor,Radicchio Pink Pepper Clementine"
PANTRY,DELI,Antipasto, Sun Dried Tomato,
PANTRY,DELI,Antipasto, Sweet Peppers,"Roasted Peppers and Rosmary,Sweet and Sour Peppers,Sweet Grilled Peppers"
PANTRY,DELI,Antipasto, Tomatoes,
PANTRY,DELI,Antipasto, Vegetables Carpionata,
PANTRY,DELI,Antipasto, Vegetables Giardiniera,
PANTRY,DELI,Antipasto, Violet Olives,
PANTRY,DELI,Antipasto, White Asparagus,"Grilled White Asparagus,Grilled White Asparagus Carpaccio,White Asparagus Mustard Seeds"
FRESH,FISH,Smoked Fish, Manx Kippers,
FRESH,FISH,Smoked Fish, Organic Irish Salmon,"Sliced in Pack 100g,Sliced in Pack 200g,Sliced in Pack 500g,Whole Side D-Cut,Whole Side Long Cut"
FRESH,FISH,Smoked Fish, Scottish Smoked Salmon,"Sliced in Pack 100g,Sliced in Pack 1kg,Sliced in Pack 200g,Sliced in Pack 454g,Whole Side D-Cut,Whole Side Long Cut"
FRESH,FISH,Smoked Fish, Smoked Cods Roe,
FRESH,FISH,Smoked Fish, Smoked Eels,"Smoked Eels 200g Portion,Smoked Eels 800g Whole Fish"
FRESH,FISH,Smoked Fish, Smoked Haddock,"Smoked Haddock Large,Smoked Haddock Small"
FRESH,FISH,Smoked Fish, Smoked Halibut,
FRESH,FISH,Smoked Fish, Smoked Mackerel,"Smoked Pepper,Smoked Plain"
FRESH,FISH,Smoked Fish, Smoked Trout,
FRESH,FISH,Smoked Fish, Smoked Tuna,
FRESH,FISH,Smoked Fish, Sturgeon,"Hot Smoked Sturgeon ""Nori"",Roasted Sturgeon,Smoked Sturgeon"
FRESH,FISH,Smoked Fish, VAR Smoked Salmon,"Whole Side D-Cut,Whole Side Long Cut"
PANTRY,DELI,Artisan Snacks, Almonds with Sea Salt,
PANTRY,SAUCES & DIPS,Savory Relishes," Apple, Ginger & Honey Chutney",
PANTRY,SAUCES & DIPS,Savory Relishes, Artichoke & Orange Chutney,
PANTRY,SAUCES & DIPS,Savory Relishes, Barbera d’Alba Wine Drops,
PANTRY,SAUCES & DIPS,Savory Relishes, Beetroot & Honey Chutney,
PANTRY,SAUCES & DIPS,Savory Relishes, Black & Green Olive & Apple Jam,
PANTRY,SAUCES & DIPS,Savory Relishes, Carrot and Coriander Relish,
PANTRY,SAUCES & DIPS,Savory Relishes, Carrot Ketchup,
PANTRY,SAUCES & DIPS,Savory Relishes, Fig and Rosemary Jam,
PANTRY,SAUCES & DIPS,Savory Relishes, Fig Chutney With Balsamic Vinegar,
PANTRY,SAUCES & DIPS,Savory Relishes, Green Ketchup,
PANTRY,SAUCES & DIPS,Savory Relishes, Green Tomatoes & Apple Jam,
PANTRY,SAUCES & DIPS,Savory Relishes, Italian Grape Cogna,
PANTRY,SAUCES & DIPS,Savory Relishes, Lemon & Fig Chutney,
PANTRY,SAUCES & DIPS,Savory Relishes, Orange Ketchup,
PANTRY,SAUCES & DIPS,Savory Relishes, Piecmontese Appetizer,
PANTRY,SAUCES & DIPS,Savory Relishes, Piemonte Moscato Wine Jelly,
PANTRY,SAUCES & DIPS,Savory Relishes, Red Ketchup,
PANTRY,SAUCES & DIPS,Savory Relishes, Red Onion Marmalade,
PANTRY,SAUCES & DIPS,Savory Relishes, Red Onions Confit,
PANTRY,SAUCES & DIPS,Savory Relishes, Spiced Caramel Relish,
PANTRY,SAUCES & DIPS,Savory Relishes, Violet Ketchup,
PANTRY,DELI,Charcuterie, Bresaola Sliced,
PANTRY,DELI,Charcuterie, Chorizo,"Sliced Chorizo 100g,Sliced Chorizo 500g"
PANTRY,DELI,Charcuterie, Danish Salami,"Sliced Danish Salami,Whole Danish Salami"
PANTRY,DELI,Charcuterie, Ham,"Honey Roast Ham,Natural Roast Ham,Smoked Ham"
PANTRY,DELI,Charcuterie, Milano,"Sliced Milano 500g,Sliced Milano 80g"
PANTRY,DELI,Charcuterie, Mortadella Sliced,
PANTRY,DELI,Charcuterie, Pancetta,"Sliced Pancetta 100g,Sliced Pancetta 500g"
PANTRY,DELI,Charcuterie, Parma Ham,"Parma Ham 500g,Parma Ham 80g"
PANTRY,SAUCES & DIPS,Condiments, Ketchup,"Green Ketchup,Orange Ketchup,Red Ketchup,Violet Ketchup"
PANTRY,DELI,Charcuterie, Pastrami,"Shaved Pastrami,Sliced Pastrami"
PANTRY,DELI,Charcuterie, Pepperoni Sliced,
PANTRY,DELI,Charcuterie, Serrano,"Sliced Serrano 500g,Sliced Serrano 80g"
PANTRY,SAUCES & DIPS,Condiments, Mayonnaise,Vegan Mayonnaise
PANTRY,SAUCES & DIPS,Condiments, Mustard,"Black Truffle Mustard,Fig and Mustard Sauce,Honey & Rosemary Mustard,Honey Mustard"
PANTRY,SAUCES & DIPS,Condiments, Sauces,"Aubergine with Olives,Courgettes and Sicilian Capers,Fennel and Green Pepper,Fennel and Sicilian Orange,Jerusalem Artichokes,Radicchio Rosso of Treviso,White Asparagus"
PANTRY,DELI,Quiches, Topping Pies,"Cheese & Onion,Quiche Lorraine,Smoked Salmon, Ricotta & Broccoli,Spiced Ham, Tomato And Mozzarella"
PANTRY,DELI,Oil’s & Vinegar’s, Olive Oils,"Infused Virgin Olive Oils,Italian Olive Oils,Spanish Olive Oils,Tunisian Olive Oils"
PANTRY,DELI,Grains & Pasta, Couscous,"M'hamsa Hand Rolled,M'hamsa Hand Rolled Red Peppers,M'hamsa Hand Rolled Whole Wheat"
PANTRY,DELI,Oil’s & Vinegar’s, Vinegars,"Balsamic Vinegar,Balsamic Vinegar & Maple Syrup,Fig Pulp Vinegar,Honey & Cider Vinegars,Organic Apple Cider Vinegars,Raspberry Pulp Vinegar"
PANTRY,DELI,Grains & Pasta, Gluten Free Pasta,"Egg Tajarin,Hazelnut Tajarin"
PANTRY,SAUCES & DIPS,Chilli Relishes, Cherry and Chilli Jam,
PANTRY,SAUCES & DIPS,Chilli Relishes, Harissa,"Organic Traditional Chilli,Organic Tunisian Chilli Spread,Organic Tunisian Sweet Pepper Chilli"
PANTRY,SAUCES & DIPS,Chilli Relishes, Hot Chilli Jam,
PANTRY,SAUCES & DIPS,Chilli Relishes, Tomato Chilli Jam,
PANTRY,SAUCES & DIPS,Tapenades & Dips, Anchovies,
PANTRY,SAUCES & DIPS,Tapenades & Dips, Artichoke,
PANTRY,SAUCES & DIPS,Tapenades & Dips, Aubergine with Olives,
PANTRY,SAUCES & DIPS,Tapenades & Dips, Black Olive,
PANTRY,SAUCES & DIPS,Tapenades & Dips, Courgettes and Sicilian Capers,
PANTRY,SAUCES & DIPS,Tapenades & Dips, Eggplant,
PANTRY,SAUCES & DIPS,Tapenades & Dips, Fennel and Green Pepper,
PANTRY,SAUCES & DIPS,Tapenades & Dips, Fennel and Sicilian Orange,
PANTRY,SAUCES & DIPS,Tapenades & Dips, Garlic,
PANTRY,SAUCES & DIPS,Tapenades & Dips, Green Olive,
PANTRY,SAUCES & DIPS,Tapenades & Dips, Jerusalem Artichokes,
PANTRY,SAUCES & DIPS,Tapenades & Dips, Provençal Tapenades,
PANTRY,SAUCES & DIPS,Tapenades & Dips, Radicchio Rosso of Treviso,
PANTRY,SAUCES & DIPS,Tapenades & Dips, Red Pepper,
PANTRY,SAUCES & DIPS,Tapenades & Dips, Sun Dried Tomato,
PANTRY,SAUCES & DIPS,Tapenades & Dips, White Asparagus,
PANTRY,SWEET THINGS,Compote, Apricot and Goji,
PANTRY,SWEET THINGS,Compote," Apricot, Thyme & Camomile",
PANTRY,SWEET THINGS,Compote, Blackberry and Strawberry,
PANTRY,SWEET THINGS,Compote, Cherry and Rose,
PANTRY,SWEET THINGS,Compote, Choco and Radicchio,
PANTRY,SWEET THINGS,Compote, Fig,
PANTRY,SWEET THINGS,Compote, Grape,
PANTRY,SWEET THINGS,Compote, Kiwi,
PANTRY,SWEET THINGS,Compote, Lemon and Pumpkin,
PANTRY,SWEET THINGS,Compote, Peach and Mango,
PANTRY,SWEET THINGS,Compote, Pear,
PANTRY,SWEET THINGS,Compote, Quince,
PANTRY,SWEET THINGS,Compote, Radicchio and Orange,
PANTRY,SWEET THINGS,Compote, Raspberry,
PANTRY,SWEET THINGS,Compote, Spiced Apple,
PANTRY,SWEET THINGS,Compote, Strawberry and Elderflower,
PANTRY,SAUCES & DIPS,Sauces, Shakshuka,
PANTRY,SAUCES & DIPS,Sauces, Tomatopuree,"Roma and Piccadilly Tomatoes,Tomato and Pepper Sauce"
PANTRY,SWEET THINGS,Chocolate & Nut Creams, Chestnuts Cream,
PANTRY,SWEET THINGS,Chocolate & Nut Creams, Cocoa Hazelnut Cream,
PANTRY,SWEET THINGS,Chocolate & Nut Creams, Hazelnut Gianduja Cream,
PANTRY,SWEET THINGS,Fruit Purees, La Fruitiere,"Cherry Puree,Lemon Puree,Mango Puree,Passion Fruit Puree,Raspberry Puree,Red Berry Mix Puree"
PANTRY,SWEET THINGS,Honey, Borage Honey,
PANTRY,SWEET THINGS,Marmalade, Bitter Orange Marmalade,
PANTRY,SWEET THINGS,Honey, Ginger in Honey,
PANTRY,SWEET THINGS,Honey, Honey With Black Truffles,
PANTRY,SWEET THINGS,Honey, Pollen Enriched Honey,
PANTRY,SWEET THINGS,Honey, Walnuts in Honey,
PANTRY,SWEET THINGS,Honey, Welsh Heather Honey,
PANTRY,SWEET THINGS,Honey, Welsh Mountain Honey,
PANTRY,SWEET THINGS,Honey, Wildflower Honey,
PANTRY,SWEET THINGS,Honey, Wildflower Set Honey,
PANTRY,SWEET THINGS,Marmalade, Ginger & Honey Marmalade,
PANTRY,SWEET THINGS,Marmalade, Grapefruit Marmalade,
PANTRY,SWEET THINGS,Marmalade, Lemon Marmalade,
PANTRY,SWEET THINGS,Marmalade, Orange & Honey Marmalade,
PANTRY,SWEET THINGS,Marmalade, Whisky & Honey Marmalade,
PANTRY,SWEET THINGS,Jam, Apricot Jam,"Organic Apricot Jam,Provence Apricot Jam Calissons"
PANTRY,SWEET THINGS,Jam, Fig Jam,"Figs and Barolo Wine Jam,Organic Fig Jam"
PANTRY,SWEET THINGS,Jam, Pear Jam,
PANTRY,SWEET THINGS,Jam, Raspberry & Lemon Jam,
PANTRY,SWEET THINGS,Jam, Strawberry Jam,"Organic Strawberry Jam,Wild Strawberry Verbena Jam"
PANTRY,SWEET THINGS,Jam, Wild Mulberry Jam,
PANTRY,CONFECTIONERY,Handmade Chocolate Bars, Dark Chocolate,"100% Dark Chocolate,71% Dark Chocolate,80% Dark Chocolate,90% Dark Chocolate,Blackberry,Blackcurrant,Blueberry,Mint"
PANTRY,CONFECTIONERY,Handmade Chocolate Bars, Milk Chocolate,"Banoffee,Belgian,Candy,Caramel,Cookies & Cream,Elderflower,Extra Smooth,Fudge,Honeycomb,Jelly,Marshmallows,No Added Sugar,Orange,Pear,Raspberry"
PANTRY,CONFECTIONERY,Handmade Chocolate Bars, White Chocolate,"Belgian,Cookies & Cream,Orange"
PANTRY,CONFECTIONERY,Handmade Chocolate Truffles, Dark Chocolate,"Dark Orange Truffles,Ruby Ganache Truffles"
PANTRY,CONFECTIONERY,Handmade Chocolate Truffles, Milk Chocolate,"Hazelnut Praline Truffles,Raspberry Chocolate Truffles,Rhubarb Milk Truffles,Salted Toffee Truffles,Sea Salt Caramel Truffles"
PANTRY,CONFECTIONERY,Handmade Chocolate Truffles, Mixed Chocolate,"Mixed Chocolate Truffles,Truffles 15 Assorted Chocolates"
PANTRY,CONFECTIONERY,Handmade Chocolate Truffles, White Chocolate,
PANTRY,CONFECTIONERY,Handmade Fudge, Caramel Sea Salt,
PANTRY,CONFECTIONERY,Handmade Fudge, Honey Fudge,
PANTRY,SPICES,Organic First Edition Pepper, Organic Black Penja Peppercorn,
PANTRY,SPICES,Organic First Edition Pepper, Organic Black Pepper,
PANTRY,SPICES,Organic First Edition Pepper, Organic Black Sre Ambel,
PANTRY,SPICES,Organic First Edition Pepper, Organic Curepipe Pink Pepper,
PANTRY,SPICES,Organic First Edition Pepper, Organic Smoked White Penja,
PANTRY,SPICES,Organic First Edition Pepper, Organic Sre Ambel Peppercorn,
PANTRY,SPICES,Organic First Edition Pepper, Organic White Pepper,
PANTRY,SPICES,Organic Basic Spice Collection, Organic Allspice,
PANTRY,SPICES,Organic Basic Spice Collection, Organic Brown Mustard Seeds,
PANTRY,SPICES,Organic Basic Spice Collection, Organic Caraway Seeds,
PANTRY,SPICES,Organic Basic Spice Collection, Organic Cardamom Pods,
PANTRY,SPICES,Organic Basic Spice Collection, Organic Cayenne Pepper,
PANTRY,SPICES,Organic Basic Spice Collection, Organic Chilli Flakes,
PANTRY,SPICES,Organic Basic Spice Collection, Organic Chipotle Chilli Flakes,
PANTRY,SPICES,Organic Basic Spice Collection, Organic Cinnamon,
PANTRY,SPICES,Organic Basic Spice Collection, Organic Cloves,
PANTRY,SPICES,Organic Basic Spice Collection, Organic Coriander Seeds,
PANTRY,SPICES,Organic Basic Spice Collection, Organic Cumin Seeds,
PANTRY,SPICES,Organic Basic Spice Collection, Organic Fennel Seeds,
PANTRY,SPICES,Organic Basic Spice Collection, Organic Ginger,
PANTRY,SPICES,Organic Basic Spice Collection, Organic Ground Cardamom,
PANTRY,SPICES,Organic Basic Spice Collection, Organic Jalapeno Chilli Flakes,
PANTRY,SPICES,Organic Basic Spice Collection, Organic Juniper Berries,
PANTRY,SPICES,Organic Basic Spice Collection, Organic Nigella Seeds,
PANTRY,SPICES,Organic Basic Spice Collection, Organic Nutmeg & Mace,
PANTRY,SPICES,Organic Basic Spice Collection, Organic Saffron,
PANTRY,SPICES,Organic Basic Spice Collection, Organic Smoked Hot Paprika,
PANTRY,SPICES,Organic Basic Spice Collection, Organic Smoked Sweet Paprika,
PANTRY,SPICES,Organic Basic Spice Collection, Organic Star Anise,
PANTRY,SPICES,Organic Basic Spice Collection, Organic Sumac,
PANTRY,SPICES,Organic Basic Spice Collection, Organic Sweet Paprika,
PANTRY,SPICES,Organic Basic Spice Collection, Organic Turmeric,
PANTRY,SPICES,Organic Basic Spice Collection, Organic Yellow Mustard Seeds,
PANTRY,SPICES,Organic Spice Blend Collection, Organic Asani Bahrat,
PANTRY,SPICES,Organic Herb Collection, Organic Basil,
PANTRY,SPICES,Organic Spice Blend Collection, Organic Cake Factor,
PANTRY,SPICES,Organic Spice Blend Collection, Organic Colombo Curry,
PANTRY,SPICES,Organic Spice Blend Collection, Organic Five Spice,
PANTRY,SPICES,Organic Spice Blend Collection, Organic Flaming Dust,
PANTRY,SPICES,Organic Spice Blend Collection, Organic Garam Masala,
PANTRY,SPICES,Organic Spice Blend Collection, Organic Gringo,
PANTRY,SPICES,Organic Spice Blend Collection, Organic Happy Roots,
PANTRY,SPICES,Organic Spice Blend Collection, Organic Kandyan Curry,
PANTRY,SPICES,Organic Spice Blend Collection, Organic Karl Otto,
PANTRY,SPICES,Organic Spice Blend Collection, Organic Mermaids Bite,
PANTRY,SPICES,Organic Spice Blend Collection, Organic Ras el Hanout,
PANTRY,SPICES,Organic Spice Blend Collection, Organic Rasta Pasta,
PANTRY,SPICES,Organic Spice Blend Collection, Organic Smokey Sally,
PANTRY,SPICES,Organic Spice Blend Collection, Organic Tandoori Masala,
PANTRY,SPICES,Organic Spice Blend Collection, Organic Wood Witch,
PANTRY,SPICES,Organic Herb Collection, Organic Estragon,
PANTRY,SPICES,Organic Herb Collection, Organic Herbes de la Mer,
PANTRY,SPICES,Organic Herb Collection, Organic Herbes de Provence,
PANTRY,SPICES,Organic Herb Collection, Organic Lemon Thyme,
PANTRY,SPICES,Organic Herb Collection, Organic Oregano,
PANTRY,SPICES,Organic Herb Collection, Organic Rosmarin,
PANTRY,SPICES,Organic Herb Collection, Organic Thyme,
PANTRY,SPICES,Salt, Carmague Sea Salt with Truffle,
PANTRY,SPICES,Salt, Organic Black Salt Flakes,
PANTRY,SPICES,Salt, Organic Citrus Salt Flakes,
PANTRY,SPICES,Salt, Organic Oak Smoked Salt Flakes,
PANTRY,SPICES,Salt, Organic Porcini Salt Flakes,
PANTRY,SPICES,Salt, Organic Pyramid Salt Flakes,
PANTRY,SPICES,Salt, Organic Red Wine Salt Flakes,
PANTRY,SPICES,Salt, Organic Salt of Hearts,
PANTRY,SPICES,Salt, Organic Seaweed Salt Flakes,
WINE & DRINKS,BEER & CIDER,Craft Ciders, Cairn O Mohr Winery,"King Jimmy's Cider,Mixed Fruit Cider,Vintage Cider"
WINE & DRINKS,BEER & CIDER,Craft Ciders, Gospel Green,
WINE & DRINKS,BEER & CIDER,Craft Ciders, Napton Cidery,"Recipe No.3 in Bag,Recipe No.3 in Bottle,Recipe No.5 in Bag,Recipe No.5 in Bottle"
WINE & DRINKS,BEER & CIDER,Craft Lager, Hunters Brewery,
WINE & DRINKS,BEER & CIDER,Craft Mead, Wye Valley Meadery,"Honey & Elderflower,Honey & Hops,Honey & Rhubarb"
WINE & DRINKS,LIQUEURS,Fortified Wines, Madeira,"Justino’s, Madeira Wines, S.A.,Madeira, East India Fine Rich,Vintage 1998 Madeira, Colheita"
WINE & DRINKS,LIQUEURS,Fortified Wines, Maury,"Domaine Mas Amiel,Maury,Maury, “Blanc”,Maury, “Cuvée Charles Dupuy”,Maury, “Prestige” 20 ans d’Age"
WINE & DRINKS,LIQUEURS,Fortified Wines, Port,"Da Silva,Armada Ruby,Niepoort Vinhos S.A.,2007 Niepoort Colheita,2013 Niepoort Late Bottled Vintage,Niepoort Tawny 10 years old,Niepoort Tawny 20 years old,Niepoort Tawny 30 years old"
WINE & DRINKS,LIQUEURS,Fortified Wines, Solera,"De Muller,Vintage 1954,Solera, Aureo"
WINE & DRINKS,LIQUEURS,World Liqueurs, French Liqueurs,"Blue Curacao,Chestnut Liqueur,Creme de Cassis,Liqueur de Mandarine,Liqueur de Marc Champagne,Liqueur de Peche,Liqueur of Old Prunes,Liqueurs de Framboise,Liqueurs de Prunelle"
WINE & DRINKS,LIQUEURS,Sherry, Amontillado,Delgado Zuleta
WINE & DRINKS,LIQUEURS,Dessert Wines, French Dessert Wines,"White Wines,Muscat,Pacherenc du Vic Bilh"
WINE & DRINKS,LIQUEURS,World Liqueurs, Italian Liqueurs,"Vermouth Bianco,Vermouth Rosso"
WINE & DRINKS,LIQUEURS,Sherry, Cream,Delgado Zuleta
WINE & DRINKS,LIQUEURS,Sherry, Fino,Delgado Zuleta
WINE & DRINKS,LIQUEURS,Sherry, Manzanilla,Delgado Zuleta
WINE & DRINKS,LIQUEURS,Sherry, Oloroso,Delgado Zuleta
WINE & DRINKS,LIQUEURS,Sherry, Pedro Ximénez Triana,Vinicola Hidalgo
WINE & DRINKS,LIQUEURS,Dessert Wines, Portugal Dessert Wines,"Red Portugal Dessert Wines,Maury"
WINE & DRINKS,LIQUEURS,Dessert Wines, South African Dessert Wines,Kaapzicht
WINE & DRINKS,LIQUEURS,Dessert Wines, Spanish Dessert Wines,"Red Wines,Elias Mora,Equinox,Mataró,White Wines,El Vi del Vent,José Pariente,Pedro Ximénez"
WINE & DRINKS,LIQUEURS,Dessert Wines, Uruguayan Dessert Wines,"Red Uruguayan Dessert Wines,Licor de Tannat"
WINE & DRINKS,SPIRITS,Calvados, Roger Groult,"Calvados, “12 ans d’Age”,Calvados, “3 ans d’Age”,Calvados, “8 ans d’Age”,Calvados, “Doyen d’Age”,Calvados, “Réserve Ancestrale”,Calvados, “Vénérable”"
WINE & DRINKS,SPIRITS,Vodka, Famile Moutard,Vodka 42
WINE & DRINKS,SPIRITS,Whisky, Spirit of Malt 45,
WINE & DRINKS,SPIRITS,World Spirits, French Spirits,"Eau de Vie,Coing,Framboise,Framboise Sauvage,Kirsch,Mirabelle,Poire Williams,Sauvage Prunelle,Vieille Mirabelle,Vieille Prune,Fine de Burgundy,Fine de Champagne,Marc de Burgundy,Marc de Champagne,Ratafia,Ratafia de Champagne"
WINE & DRINKS,WINE,Mead Wines, Afon Mel,"Apricot Mead,Billberry Mead,Blackberry Mead,Cherry Mead,Ginger Mead,Heather Mead,Honey Mead,Jarl's Brew Mead,Lingonberry Mead,Medium Honey Mead,Raspberry Mead"
WINE & DRINKS,WINE,Champagnes, Champagne Moutard,"Rose,Special Bottle Sizes,Balthazar,Half Bottle,Jeroboam,Magnum,Methuselah,Nebuchadnezzar,Rehoboam,Salmanazar,White"
WINE & DRINKS,WINE,Fruit Wines, Foraged Still Wines,"Autumn Oak Leaf Wine,Elderflower Wine,Spring Oak Leaf Wine"
WINE & DRINKS,WINE,Champagnes, Château de Boursault,"Rosé,White"
WINE & DRINKS,WINE,Fruit Wines, Fruit Still Wines,"Bramble Wine,Cherry Wine,Elderberry Wine,Goosberry Wine,Raspberry Wine,Rhubarb Wine,Strawberry Wine"
WINE & DRINKS,WINE,Fruit Wines, Mixed Boxes of Fruit Wine,
WINE & DRINKS,WINE,Fruit Wines, Sparkling Fruit Wines,"Gooseberry and Elderflower,Strawberry and Elderflower"
WINE & DRINKS,WINE,Red Wines, Argentinian Wines,"Bodega Piedra Negra,Francois Lurton Mendoza"
WINE & DRINKS,WINE,Red Wines, Austrian Wines,"Weingut Schodl Loisesthal,Riesling,St Laurent"
WINE & DRINKS,WINE,Red Wines, Chilean Wines,"Viña Hacienda Araucano,Alka,Hacienda Araucano,Humo Blanco"
WINE & DRINKS,WINE,Red Wines, French Wines,"Beaujolais,Morgan & Fleurie,Bordeaux,Bordeaux Supérieur,Haut-Médoc,Lalande de Pomerol,Margaux,Medoc,Moulis,Pauillac,Pessac - Leognan,Pomerol,St. Émilion,St. Estèphe,St. Julien,Burgundy,Aloxe - Corton,Beaune,Bourgogne,Chambertin,Chassagne - Montrachet,Chorey les Beaune,Clos,Corton,Crémant De Bourgogne,Echezeaux,Epineuil,Fixin,Gevrey Chambertin,Givry,Ladoix,Maranges,Marsannay,Mazis Chambertin,Mercurey,Meursault,Monthelie,Nuits-St.-Georges,Pernand,Pommard,Santenay,Savigny-Vergelesses,Vollnay,Loire,Chinon,Côte Roannaise,Sancerre,Saumur,Vallée du Rhône,Cairanne,Chateaubourg,Chateauneuf Du Pape,Condrieu,Cornas,Curson,Gigondas,Sauveterre,Vacqueyras,Ventoux"
WINE & DRINKS,WINE,Red Wines, Half Bottles,"French Wines,Bordeaux,Bordeaux Supérieur,Haut-Médoc,Margaux,Moulis,Pauillac,Pessac-Léognan,Pomerol,St. Émilion,St. Estèphe,St. Julien,Burgundy,Chorey,Corton-Renardes,Fleurie,Gevrey-Chambertin,Nuits St. Georges,Santenay,Volnay,Vosne-Romanée,Rhône,Châteauneuf-du-Pape,Crozes-Hermitage,Gigondas,Spanish Wines,Lealtanza,Trus"
WINE & DRINKS,WINE,Red Wines, Magnums,"French Wines,Bordeaux,Margaux,Pauillac,St. Estèphe,St. Julien,Burgundy,Mazis-Chambertin,Vosne-Romanée,Rhône / Provence,Châteauneuf,Gigondas,Spanish Wines,ÀN,Bàrbara Forés,Clos Mogador,Elias Mora,Font de la Figuera,Gran Elias,Son Negre,Trus,Venus"
WINE & DRINKS,WINE,Red Wines, Portuguese Wines,"Douro,Niepoort Gaia"
WINE & DRINKS,WINE,Red Wines, South Africa Wines,"Kaapzicht,Stellenbosch"
WINE & DRINKS,WINE,Red Wines, Spanish Red Wines,"Balearic Islands,ÀN,Son Negre,Bierzo,Tilenus,Catalunya,Cellers Alta Alella,Orbus,Xtrem,Monstant,Dido,Espectacle,Venus,Penedès,Augustus,Priorat,Clos Mogador,Font de la Figuera,La Vinya del Vuit,Manyetes,Serras,Terra Alta,Bàrbara Forés,Vall Major,Cigales,13 Cántaros,César Príncipe,Navarra,Ángel,Pago de Larrainzar,Raso de Larrainzar,Ribeiro,30 Copelos,Ribera del Duero,Trus,Rioja,Capitoso,Cerrado,J. Sorolla,Lealtanza,Proelio,Señorio,Tilo,Viña,Sierras de Málaga,Pago el Espino,Tadeo,Somontano,Bodegas El Grillo,12 Lunas,El Grillo,Toro,Elias Mora,Vino de la Tierra de Castilla y Léon,Prieto Pariente,Vino de la Tierra de Extremadura,Bodegas Habla"
WINE & DRINKS,WINE,Red Wines, Uruguayan Wines,"Bodegas Juanicó,Juanico Region"
WINE & DRINKS,WINE,Sparkling Wines, English Wines,Hart of Gold
WINE & DRINKS,WINE,Sparkling Wines, French Wines,Cremant De Bourgogne
WINE & DRINKS,WINE,Sparkling Wines, Spanish Sparkling Wines,"Cava,Agusti Torello,Canals Nadal,Cellers Alta Alella"
WINE & DRINKS,WINE,White Wines, Austrian Wines,"Weingut Schodl Loisesthal,Grüner Veltiner Löss & Lehm"
WINE & DRINKS,WINE,White Wines, Chilean Wines,"Viña Hacienda Araucano,Hacienda Araucano,Humo Blanco"
WINE & DRINKS,WINE,White Wines, French Wines,"Alsace,Alsace,Auxerrois,Gewürztraminer,Pinot Gris,Riesling,Sylvaner,Arbois/Jura,Arbois,Côtes,Vin de Paille,Bordeaux,Pessac - Leognan,Sauternes,Bourgogne,Chablis,Maconnais,Burgundy,Auxey-Duresses,Batard,Beaune,Bourgogne,Chablis,Chassagne,Chorey les Beaune,Corton,Crémant De Bourgogne,Epineuil,Givry,Maranges,Mercurey,Meursault,Montagny,Monthelie,Montrachet,Nuits St. Georges,Pernand,Puligny,Rully,Saint Bris,Santenay,Tonnerre,Loire,Chinon,Menetou,Muscadet,Pouilly,Quincy,Sancerre,Saumur,Maury Blanc,Savoie,Chignin,Vallée du Rhône,Cairanne,Chateaubourg,Chateauneuf Du Pape,Sauveterre,Vacqueyras"
WINE & DRINKS,WINE,White Wines, Half Bottles,"French Wines,Burgudy,Bâtard-Montrachet,Chablis,Chassagne-Montrachet,Meursault,Pernand-Vergelesses,Pouilly Fuissé,Puligny-Montrachet,Loire,Pouilly,Sancerre,Spanish Wines,Augustus"
WINE & DRINKS,WINE,White Wines, Magnums,"French Wines,Burgundy,Chassagne-Montrachet,Puligny-Montrachet"
WINE & DRINKS,WINE,White Wines, New Zealand Wines,"O:Tu Awatere Valley of Marlborough,O:Tu"
WINE & DRINKS,WINE,White Wines, Portuguese Wines,"Douro,Niepoort Gaia,Vinho Verde,Quinta d’Amares"
WINE & DRINKS,WINE,White Wines, South Africa Wines,"Forge Mill,Franschhoek Vineyards,Kaapzicht,Stellenbosch"
WINE & DRINKS,WINE,White Wines, Spanish Wines,"Balearic Islands,Quibia,Catalunya,Cellers Alta Alella,Conca de Barberà,Josep Foraster,Monstant,Dido,Penedès,Augustus,Priorat,Nelin,Terra Alta,Bàrbara Forés,Vall Major,Rias Baixas,Albariño,Ribeiro,El Canto,Labrador,Lagar,Rioja,Nivarius,Viña,Rueda, José Pariente,Sierras de Malaga,Bentomiz,Cortijo,Somontano,Bodegas El Grillo,12 Lunas,Canto Cri,Vino de la Tierra de Castilla y Léon,Viognier,Vino de la Tierra de Extremadura,Bodegas Habla"
WINE & DRINKS,WINE,White Wines, Uruguayan Wines,"Bodegas Juanicó,Juanico Region,Preludio"
WINE & DRINKS,SOFT DRINKS & MIXERS,Cordials, Fruits And Flowers,"Blackcurrant,Blood Tonic,Cherry, Red Grape & Hibiscus,Cranberry & Pomegranate,Elderflower & Apple,Gooseberry & Elderflower,Lemon, Yuzu and Tumeric,Lime & Lemongrass,Plum & Pear,Rhubarb & Rosehip,Strawberry & Kiwi"
WINE & DRINKS,SOFT DRINKS & MIXERS,Pure Fruit Juices, Pure Cherry Juice,
WINE & DRINKS,SOFT DRINKS & MIXERS,Cordials, Mixed Boxes of Mr.Fitzpatricks,
WINE & DRINKS,SOFT DRINKS & MIXERS,Cordials, No Added Sugar,"Elderflower & Bramley Apple,Lemon, Cucumber & Mint,Orange & Bergamot,Pomegranate & Cranberry,Raspberry & Lavender,Red Grape, Hibiscus & Cherry,Rhubarb & Rose"
WINE & DRINKS,SOFT DRINKS & MIXERS,Cordials, Roots And Spices,"Blackcurrant & Liquorice,Cream Soda,Dandelion & Burdock,Ginger,Iron Brew Tonic,Lemon & Ginger,Root Beer,Sarsaparilla"
WINE & DRINKS,HOT DRINKS,Hot Chocolates, Hot Chocolate Flakes,"Belgian Milk Chocolate,Dark Chocolate Flakes,Salted Caramel Chocolate,Signature Chocolate,Sugar Free Chocolate,White Chocolate"
WINE & DRINKS,SOFT DRINKS & MIXERS,Non Alcoholic Sparkling, Elderberry Drink,
WINE & DRINKS,SOFT DRINKS & MIXERS,Tonics & Mixers, Gascoigne’s Mixers,"Blackcurrant & Liquorice Mixer,Rhubarb & Ginger Mixer,Strawberry & Vanilla Sours Mixer"
WINE & DRINKS,HOT DRINKS,Hot Chocolates, Hot Chocolate Spoons,"Chocolate No Added Sugar,Dark Chocolate,Marshmallow Banoffee,Marshmallow Dark Chocolate,Marshmallow Hazelnut,Marshmallow Milk Chocolate,Marshmallow Mint Chocolate,Marshmallow No Added Sugar,Marshmallow Raspberry Chocolate,Marshmallow Salted Caramel,Marshmallow White Chocolate,Milk Chocolate,Salted Caramel,Toasted Marshmallow,White Chocolate"
WINE & DRINKS,SOFT DRINKS & MIXERS,Non Alcoholic Sparkling, Elderflower Drink,
WINE & DRINKS,SOFT DRINKS & MIXERS,Tonics & Mixers, Gascoigne’s Tonics,"English Cucumber Tonic,Lemon Twist Tonic,Orange & Grapefruit Tonic,Pomegranate Tonic"
WINE & DRINKS,HOT DRINKS,Organic Latte Spice Mixes, Organic Cinnamon Latte,
WINE & DRINKS,HOT DRINKS,Organic Latte Spice Mixes, Organic Liquorice Latte,
WINE & DRINKS,HOT DRINKS,Organic Latte Spice Mixes, Organic Turmeric Latte,
MIXED WINE BOXES,LUXURY WINE BOXES,White Wine Collection, Boxes Over £100,
MIXED WINE BOXES,LUXURY WINE BOXES,Rose Wine Collection, Boxes Over £100,
FOOD GIFTS,CONFECTIONERY GIFTS,Handmade Chocolates, Cocoba Chocolates,"Chocolate Bags,Chocolate Boxes,Chocolate Hampers,Chocolate Jars,Chocolate Tins"
FOOD GIFTS,FRESH GIFTS,Caviar, Oscietra,"Caviar Deluxe Gift Set,Caviar Duet Gift Set,Connoisseurs Choice Gift Set"
FOOD GIFTS,CONFECTIONERY GIFTS,Handmade Chocolate Bars, Chief Chocolate Officer,
FOOD GIFTS,HAMPERS,Hampers Up to £50, Chocolate Hampers,"Birthday Collection,Dark Chocolate Collection,Kids Collection,Love Collection,Milk Chocolate Collection,Sugar Free Collection,Vegan Collection,White Chocolate Collection"
FOOD GIFTS,FRESH GIFTS,Caviar, Siberian,"Caviar Deluxe Gift Set,Caviar Duet Gift Set,Connoisseurs Choice Gift Set"
FOOD GIFTS,HAMPERS,Hampers Up to £50, Sweet Things,
FOOD GIFTS,HAMPERS,Hampers £51-£100, Sweet Things,
FOOD GIFTS,PANTRY GIFTS,Sauces & Chutneys, Afon Mel,Chutney
FOOD GIFTS,PANTRY GIFTS,Spices, Mill & Mortar,"3 Tin Organic Spice Gift Box,Get Lucky Organic Spice Gift Box,Go Green Organic Herb Box,Grill BBQ Organic Spice Box,Most Popular Organic Spice Box,Spice Chest 20 Tins,Spice Chest 6 Tins,Sri Lankan Spice Box,You Taste Nutty Gift Box"
FOOD GIFTS,PANTRY GIFTS,Sweet Things, Afon Mel,"Honey,Marmalade"
FOOD GIFTS,WINE & DRINKS GIFTS,Champagne Collection, Champagne Moutard,
FOOD GIFTS,PANTRY GIFTS,Olive Oils, Spanish Oils,"Arbequina Organic,Hojiblanca Organic"
FOOD GIFTS,WINE & DRINKS GIFTS,White Wine Collection, Gift Boxes,"Gift Boxes Over £500,Gift Boxes Under £100,Gift Boxes Under £250"
FOOD GIFTS,WINE & DRINKS GIFTS,White Wine Collection, Magnum Boxes,"Magnum Boxes Under £250,Magnum Boxes Under £500"
FOOD GIFTS,WINE & DRINKS GIFTS,Red Wine Collection, Gift Boxes,"Gift Boxes Over £500,Gift Boxes Under £100,Gift Boxes Under £500"
FOOD GIFTS,WINE & DRINKS GIFTS,Red Wine Collection, Magnum Boxes,"Magnum Boxes Under £250,Magnum Boxes Under £500"
FOOD GIFTS,WINE & DRINKS GIFTS,Mead Collection, Afon Mel,"Crate of Mini Meads,Mixed Meads Collection #1,Mixed Meads Collection #2"
WINE & DRINKS,SPIRITS,Gin, Bournemouth Distillers,BH1 Gin
WINE & DRINKS,SPIRITS,Gin, Famile Moutard,Dry Gin 42
WINE & DRINKS,SPIRITS,Gin, Harrogate Tipple,"Blueberry Gin,Gooseberry Gin,Premium Gin"
WINE & DRINKS,SPIRITS,Gin, Haworth Steam Brewery,"Black Jack Gin,Cherry Bon Bon Gin,Deck Chair Gin,Lamplighter Gin,Sherbet Lemon Gin,Spitfire Gin,Yorkshire Rhubarb Gin"
WINE & DRINKS,SPIRITS,Gin, Smeaton,Bristol Method Dry Gin
COUNTRY,EUROPE,Italy, Antipasto,
COUNTRY,EUROPE,Italy, Biscuits & Cakes,
COUNTRY,EUROPE,Italy, Cheese,
COUNTRY,EUROPE,Italy, Chocolate & Nut Creams,
COUNTRY,EUROPE,Italy, Compote,
COUNTRY,EUROPE,Italy, Fruit & Vegetables,
COUNTRY,EUROPE,Italy, Jam,
COUNTRY,EUROPE,Italy, Liqueurs,
COUNTRY,EUROPE,Italy, Olive Oils,
COUNTRY,EUROPE,Italy, Pasta,
COUNTRY,EUROPE,Italy, Preserved Fruits,
COUNTRY,EUROPE,Italy, Sauces,
COUNTRY,EUROPE,Italy, Savoury Relishes,
COUNTRY,EUROPE,Italy, Tapenades & Dips,
FOOD GIFTS,WINE & DRINKS GIFTS,Cocktail Collection, Gin & Tonic Organic Garnish Sets,"Flower Power Spice Gin,Touch of Spice Gin"
FOOD GIFTS,WINE & DRINKS GIFTS,Cocktail Collection, Latte Spice Mixes Gift Set,
COUNTRY,ASIA,Japan, Fish,"Black Cod,Ebi-Shrimps,Hamachi Fillets,Kingfish,Scallops,Tuna,Unagi Fillets,Yari Ika Squid Slices"
COUNTRY,ASIA,Japan, Fruit & Vegetables,
FOOD GIFTS,PANTRY GIFTS,Bakery, Bling Bling,
FOOD GIFTS,PANTRY GIFTS,Bakery, Pretty in Pink,
MIXED WINE BOXES,LUXURY WINE BOXES,Red Wine Collection, Boxes Over £100,
WINE & DRINKS,BEER & CIDER,Craft Ales, Ceriux Tostada,
WINE & DRINKS,BEER & CIDER,Craft Ales, Hunters Brewery,"Black Jack,Crispy Pig,Devon Dreamer,Full Bore,Half Bore,Hunter's Premium,Old Charlie,Pheasant Plucker,Royal Hunt"
WINE & DRINKS,WINE,Rosé Wines, French Wines,"Burgundy,Crémant de Bourgogne,Epineuil,Loire,Menetou,Vallée du Rhône,Chateauneuf Du Pape"
WINE & DRINKS,WINE,Rosé Wines, Spanish Wines,"Catalunya,Monstant,Dido,Penedès,Augustus,Terra Alta,Bàrbara Forés,Rioja,Viña"
WINE & DRINKS,SPIRITS,Cognac & Armangnac, Laberdolive,"1923 Bas-Armagnac,1942 Bas-Armagnac,1946 Bas-Armagnac,1962 Bas-Armagnac,1970 Bas-Armagnac,1976 Bas-Armagnac,1979 Bas-Armagnac,1986 Bas-Armagnac,1989 Bas-Armagnac,1993 Bas-Armagnac,1995 Bas-Armagnac,1998 Bas-Armagnac"
WINE & DRINKS,SPIRITS,Cognac & Armangnac, Marcel Trépout,"1966 Armagnac,1975 Armagnac,1979 Armagnac,1985 Armagnac,Armagnac “4 ans d’Age”,Armagnac “Hors d’Age”, 20 ans d’Age,Armagnac “V.S.O.P.”, 8 ans d’Age"
WINE & DRINKS,SPIRITS,Cognac & Armangnac, Ragnaud Sabourin,"1989 Vintage,Fontvieille,Le Paradis,Ragnaud-Sabourin,Réserve Spéciale,V.S.O.P. Sélection du Domaine"
PANTRY,SWEET THINGS,Preserved Fruits, Chestnuts,Chestnuts in Syrup
PANTRY,CONFECTIONERY,Handmade Chocolates, Handmade Chocolate Bags,"Chocolate Brazil Nuts,Chocolate Coffee Beans,Chocolate Covered Ginger,Chocolate Orange Peel,Cinnamon Chocolate Almonds,Raspberry Truffles,Salted Toffee Truffles"
PANTRY,SWEET THINGS,Preserved Fruits, Pears,Pears in Barolo Wine
PANTRY,CONFECTIONERY,Handmade Chocolates, Handmade Chocolate Boxes,"15 Chocolate Truffles,16 Chocolates & Truffles,25 Chocolates & Truffles"
PANTRY,CONFECTIONERY,Handmade Chocolates, Handmade Chocolate Jars,"Caramel Chocolate Buttons,Dark Chocolate Buttons,Milk Chocolate Buttons,Milk Chocolate Honeycomb,Sea Salted Caramel Honeycomb,White Chocolate Buttons"
PANTRY,CONFECTIONERY,Handmade Chocolates, Handmade Chocolate Tins,"Caramel Sea Salt Fudge Gift Tin,Champagne Truffles,Milk Chocolate Truffles,Salted Caramel Truffles,Salted Toffee Truffles"
